{
  "name": "pinkiesout",
  "vendorId": "0xFEFE",
  "productId": "0x6011",
  "matrix": {"rows": 8, "cols": 9},
  "lighting": "vialrgb",
  "layouts": {
    "labels": [
      ["Layout"]
    ],
    "keymap": [
  [
    {
      "r": 10,
      "y": 1.7,
      "x": 5
    },
    "0,2"
  ],
  [
    {
      "y": -0.8000000000000003,
      "x": 4
    },
    "0,1",
    {
      "x": 1
    },
    "0,3"
  ],
  [
    {
      "y": -0.8999999999999999,
      "x": 2
    },
    "5,0",
    "0,0"
  ],
  [
    {
      "y": -0.8799999999999999,
      "x": 7
    },
    "0,4"
  ],
  [
    {
      "y": -0.7200000000000002,
      "x": 8
    },
    "6,2"
  ],
  [
    {
      "y": -0.6999999999999997,
      "x": 5
    },
    "1,2"
  ],
  [
    {
      "y": -0.8000000000000003,
      "x": 4
    },
    "1,1",
    {
      "x": 1
    },
    "1,3"
  ],
  [
    {
      "y": -0.8999999999999999,
      "x": 2
    },
    "6,0",
    "1,0"
  ],
  [
    {
      "y": -0.8999999999999999,
      "x": 7
    },
    "1,4"
  ],
  [
    {
      "y": -0.6999999999999997,
      "x": 8
    },
    "7,2"
  ],
  [
    {
      "y": -0.7000000000000002,
      "x": 5
    },
    "2,2"
  ],
  [
    {
      "y": -0.8000000000000003,
      "x": 4
    },
    "2,1",
    {
      "x": 1
    },
    "2,3"
  ],
  [
    {
      "y": -0.9000000000000004,
      "x": 2
    },
    "7,0",
    "2,0"
  ],
  [
    {
      "y": -0.9000000000000004,
      "x": 7
    },
    "2,4"
  ],
  [
    {
      "y": -0.6999999999999993,
      "x": 8
    },
    "6,3"
  ],
  [
    {
      "y": -0.7000000000000002,
      "x": 5
    },
    "3,2"
  ],
  [
    {
      "y": -0.7999999999999998,
      "x": 4
    },
    "3,1",
    {
      "x": 1
    },
    "3,3"
  ],
  [
    {
      "y": -0.9000000000000004,
      "x": 2
    },
    "7,1",
    "3,0"
  ],
  [
    {
      "y": -0.9000000000000004,
      "x": 7
    },
    "3,4"
  ],
  [
    {
      "y": 0.10000000000000053,
      "x": 4
    },
    "4,0",
    "4,1"
  ],
  [
    {
      "r": 20,
      "y": -2.1000000000000005,
      "x": 7.2
    },
    "4,2"
  ],
  [
    {
      "r": 30,
      "y": -2.4999999999999996,
      "x": 9.2
    },
    "4,3"
  ],
  [
    {
      "r": 35,
      "y": -3.0999999999999996,
      "x": 10
    },
    "5,1"
  ],
  [
    {
      "r": 40,
      "y": -0.75,
      "x": 10.9
    },
    "4,4"
  ],
  [
    {
      "r": -40,
      "y": 10.7,
      "x": 2.05
    },
    "4,5"
  ],
  [
    {
      "r": -35,
      "y": -2.4499999999999993,
      "x": 4
    },
    "5,2"
  ],
  [
    {
      "r": -30,
      "y": -0.3000000000000007,
      "x": 5.6
    },
    "4,6"
  ],
  [
    {
      "r": -20,
      "y": -2.3499999999999996,
      "x": 8.95
    },
    "4,7"
  ],
  [
    {
      "r": -10,
      "y": -7.4399999999999995,
      "x": 12
    },
    "0,7"
  ],
  [
    {
      "y": -0.7999999999999998,
      "x": 11
    },
    "0,6",
    {
      "x": 1
    },
    "0,8"
  ],
  [
    {
      "y": -0.9000000000000004,
      "x": 14
    },
    "5,3",
    "6,8"
  ],
  [
    {
      "y": -0.9000000000000004,
      "x": 10
    },
    "0,5"
  ],
  [
    {
      "y": -0.6999999999999993,
      "x": 9
    },
    "6,5"
  ],
  [
    {
      "y": -0.7000000000000002,
      "x": 12
    },
    "1,7"
  ],
  [
    {
      "y": -0.7999999999999998,
      "x": 11
    },
    "1,6",
    {
      "x": 1
    },
    "1,8"
  ],
  [
    {
      "y": -0.9000000000000004,
      "x": 14
    },
    "5,5",
    "7,8"
  ],
  [
    {
      "y": -0.9000000000000004,
      "x": 10
    },
    "1,5"
  ],
  [
    {
      "y": -0.6999999999999993,
      "x": 9
    },
    "7,5"
  ],
  [
    {
      "y": -0.7000000000000002,
      "x": 12
    },
    "2,7"
  ],
  [
    {
      "y": -0.7999999999999998,
      "x": 11
    },
    "2,6",
    {
      "x": 1
    },
    "2,8"
  ],
  [
    {
      "y": -0.8999999999999995,
      "x": 14
    },
    "5,6",
    "6,7"
  ],
  [
    {
      "y": -0.9000000000000012,
      "x": 10
    },
    "2,5"
  ],
  [
    {
      "y": -0.6999999999999984,
      "x": 9
    },
    "6,6"
  ],
  [
    {
      "y": -0.6999999999999993,
      "x": 12
    },
    "3,7"
  ],
  [
    {
      "y": -0.8000000000000007,
      "x": 11
    },
    "3,6",
    {
      "x": 1
    },
    "3,8"
  ],
  [
    {
      "y": -0.8999999999999986,
      "x": 14
    },
    "5,7",
    "7,7"
  ],
  [
    {
      "y": -0.9000000000000004,
      "x": 10
    },
    "3,5"
  ],
  [
    {
      "y": 0.09999999999999964,
      "x": 12
    },
    "4,8",
    "5,8"
  ]
]
  }
}