{
  "name": "rockon",
  "vendorId": "0xFEFE",
  "productId": "0x1200",
  "matrix": {"rows": 9, "cols": 8},
  "lighting": "vialrgb",
  "layouts": {
    "labels": [
      ["Layout"]
    ],
    "keymap": [
  [
    {
      "y": 8.8,
      "x": 8.05
    },
    "6,6",
    {
      "x": 0.10499999999999865
    },
    "5,2",
    {
      "x": 0.09500000000000064
    },
    "6,2"
  ],
  [
    {
      "x": 9.155
    },
    "7,2"
  ],
  [
    {
      "r": 10,
      "y": -9.100000000000001,
      "x": 5
    },
    "0,1"
  ],
  [
    {
      "y": -0.7999999999999994,
      "x": 4
    },
    "0,6",
    {
      "x": 1
    },
    "0,5"
  ],
  [
    {
      "y": -0.7799999999999998,
      "x": 7
    },
    "0,2"
  ],
  [
    {
      "y": -0.7200000000000002,
      "x": 8
    },
    "6,1"
  ],
  [
    {
      "y": -0.7999999999999998,
      "x": 2
    },
    "5,7",
    "0,7"
  ],
  [
    {
      "y": -0.8999999999999999,
      "x": 5
    },
    "1,1"
  ],
  [
    {
      "y": -0.8000000000000003,
      "x": 4
    },
    "1,6",
    {
      "x": 1
    },
    "1,5"
  ],
  [
    {
      "y": -0.7999999999999998,
      "x": 7
    },
    "1,2"
  ],
  [
    {
      "y": -0.6999999999999997,
      "x": 8
    },
    "7,1"
  ],
  [
    {
      "y": -0.8000000000000003,
      "x": 2
    },
    "6,7",
    "1,7"
  ],
  [
    {
      "y": -0.8999999999999995,
      "x": 5
    },
    "2,1"
  ],
  [
    {
      "y": -0.8000000000000003,
      "x": 4
    },
    "2,6",
    {
      "x": 1
    },
    "2,5"
  ],
  [
    {
      "y": -0.8000000000000007,
      "x": 7
    },
    "2,2"
  ],
  [
    {
      "y": -0.6999999999999993,
      "x": 8
    },
    "6,5"
  ],
  [
    {
      "y": -0.8000000000000007,
      "x": 2
    },
    "7,7",
    "2,7"
  ],
  [
    {
      "y": -0.8999999999999995,
      "x": 5
    },
    "3,1"
  ],
  [
    {
      "y": -0.7999999999999998,
      "x": 4
    },
    "3,6",
    {
      "x": 1
    },
    "3,5"
  ],
  [
    {
      "y": -0.8000000000000007,
      "x": 7
    },
    "3,2"
  ],
  [
    {
      "y": -0.5,
      "x": 2
    },
    "7,6",
    "3,7"
  ],
  [
    {
      "y": -0.39999999999999947,
      "x": 4
    },
    "4,7",
    "4,6"
  ],
  [
    {
      "x": 3.5
    },
    "7,4"
  ],
  [
    {
      "r": 20,
      "y": -3.0999999999999996,
      "x": 7.2
    },
    "4,1"
  ],
  [
    {
      "r": 30,
      "y": -2.4999999999999996,
      "x": 9.2
    },
    "4,5"
  ],
  [
    {
      "r": 35,
      "y": -3.0999999999999996,
      "x": 10
    },
    "5,6"
  ],
  [
    {
      "r": 40,
      "y": -0.75,
      "x": 10.9
    },
    "4,2"
  ],
  [
    {
      "r": -40,
      "y": 11.25,
      "x": 2.95
    },
    "4,3"
  ],
  [
    {
      "r": -35,
      "y": -2.5999999999999996,
      "x": 4.8
    },
    "5,1"
  ],
  [
    {
      "r": -30,
      "y": -0.34999999999999964,
      "x": 6.55
    },
    "4,4"
  ],
  [
    {
      "r": -20,
      "y": -2.5500000000000007,
      "x": 9.95
    },
    "4,0"
  ],
  [
    {
      "r": -10,
      "y": -7.49,
      "x": 13
    },
    "0,0"
  ],
  [
    {
      "y": -0.7999999999999998,
      "x": 12
    },
    "0,4",
    {
      "x": 1
    },
    "8,7"
  ],
  [
    {
      "y": -0.7999999999999998,
      "x": 11
    },
    "0,3"
  ],
  [
    {
      "y": -0.7000000000000002,
      "x": 10
    },
    "6,3"
  ],
  [
    {
      "y": -0.9000000000000004,
      "x": 15
    },
    "5,5",
    "8,4"
  ],
  [
    {
      "y": -0.7999999999999998,
      "x": 13
    },
    "1,0"
  ],
  [
    {
      "y": -0.7999999999999998,
      "x": 12
    },
    "1,4",
    {
      "x": 1
    },
    "8,6"
  ],
  [
    {
      "y": -0.7999999999999998,
      "x": 11
    },
    "1,3"
  ],
  [
    {
      "y": -0.7000000000000002,
      "x": 10
    },
    "7,3"
  ],
  [
    {
      "y": -0.9000000000000004,
      "x": 15
    },
    "5,3",
    "8,0"
  ],
  [
    {
      "y": -0.7999999999999998,
      "x": 13
    },
    "2,0"
  ],
  [
    {
      "y": -0.7999999999999998,
      "x": 12
    },
    "2,4",
    {
      "x": 1
    },
    "8,1"
  ],
  [
    {
      "y": -0.8000000000000007,
      "x": 11
    },
    "2,3"
  ],
  [
    {
      "y": -0.7000000000000002,
      "x": 10
    },
    "6,4"
  ],
  [
    {
      "y": -0.9000000000000012,
      "x": 15
    },
    "5,4",
    "6,0"
  ],
  [
    {
      "y": -0.7999999999999989,
      "x": 13
    },
    "3,0"
  ],
  [
    {
      "y": -0.7999999999999989,
      "x": 12
    },
    "3,4",
    {
      "x": 1
    },
    "8,5"
  ],
  [
    {
      "y": -0.8000000000000007,
      "x": 11
    },
    "3,3"
  ],
  [
    {
      "y": -0.5999999999999996,
      "x": 15
    },
    "5,0",
    "7,0"
  ],
  [
    {
      "y": -0.40000000000000036,
      "x": 13
    },
    "8,2",
    "8,3"
  ],
  [
    {
      "x": 14.5
    },
    "7,5"
  ]
]
  }
}
