{
  "name": "vulpes majora",
  "vendorId": "0xFEFE",
  "productId": "0x7125",
  "matrix": {"rows": 9, "cols": 8},
  "layouts": {
    "labels": [
      ["Layout"]
    ],
    "keymap": [
      [
        {
          "y": 6,
          "x": 6.6
        },
        "6,2",
        "6,3",
        "6,4"
      ],
      [
        {
          "x": 3
        },
        "0,7",
        "1,7",
        "2,7",
        {
          "x": 4
        },
        "3,7",
        "4,7",
        "5,7"
      ],
      [
        {
          "r": 15,
          "y": -3.5,
          "x": 2
        },
        "7,2",
        "7,6",
        "7,4"
      ],
      [
        {
          "x": 3
        },
        "7,3"
      ],
      [
        {
          "rx": 1,
          "y": -0.09999999999999998,
          "x": 3
        },
        "0,3"
      ],
      [
        {
          "y": -0.65,
          "x": 2
        },
        "0,2",
        {
          "x": 1
        },
        "0,4"
      ],
      [
        {
          "y": -0.85,
          "x": 5
        },
        "0,5"
      ],
      [
        {
          "y": -0.4999999999999999,
          "x": 3,
          "c": "#5dd971"
        },
        "1,3\nAlt"
      ],
      [
        {
          "y": -0.8999999999999999,
          "x": 1,
          "c": "#cccccc"
        },
        "0,1"
      ],
      [
        {
          "y": -0.75,
          "x": 2,
          "c": "#5dd971"
        },
        "1,2\nWin",
        {
          "x": 1
        },
        "1,4\nShift"
      ],
      [
        {
          "y": -0.8775,
          "c": "#cccccc"
        },
        "0,0"
      ],
      [
        {
          "y": -0.9725000000000001,
          "x": 5
        },
        "1,5"
      ],
      [
        {
          "y": -0.5,
          "x": 3
        },
        "2,3"
      ],
      [
        {
          "y": -0.8999999999999999,
          "x": 1,
          "c": "#5dd971"
        },
        "1,1\nCtrl"
      ],
      [
        {
          "y": -0.75,
          "x": 2,
          "c": "#cccccc"
        },
        "2,2",
        {
          "x": 1
        },
        "2,4"
      ],
      [
        {
          "y": -0.8775
        },
        "1,0"
      ],
      [
        {
          "y": -0.9725000000000001,
          "x": 5
        },
        "2,5"
      ],
      [
        {
          "y": -0.3999999999999999,
          "x": 1
        },
        "2,1"
      ],
      [
        {
          "y": -0.6275
        },
        "2,0"
      ],
      [
        {
          "y": -0.6225000000000005,
          "x": 2.05
        },
        "7,1",
        {
          "x": 0.4500000000000002
        },
        "0,6"
      ],
      [
        {
          "r": 25,
          "y": -1.85,
          "x": 5.3
        },
        "1,6"
      ],
      [
        {
          "r": 35,
          "y": -2.15,
          "x": 6.9
        },
        "2,6"
      ],
      [
        {
          "r": -35,
          "rx": 10.65,
          "ry": 2.7,
          "y": 1.8999999999999995,
          "x": -2.5999999999999996
        },
        "5,6"
      ],
      [
        {
          "r": -25,
          "ry": 1.9,
          "y": 2.85,
          "x": -1.4000000000000004
        },
        "4,6"
      ],
      [
        {
          "r": -15,
          "ry": 0,
          "y": 4.74,
          "x": -0.20000000000000107
        },
        "3,6"
      ],
      [
        {
          "y": -0.9900000000000002,
          "x": 1.25
        },
        "8,1"
      ],
      [
        {
          "x": 0.25
        },
        "8,2",
        "8,6",
        "8,4"
      ],
      [
        {
          "x": 1.25
        },
        "8,3"
      ],
      [
        {
          "rx": 11,
          "y": 0.7649999999999997
        },
        "3,3"
      ],
      [
        {
          "y": -0.6499999999999999,
          "x": -1
        },
        "3,4",
        {
          "x": 1
        },
        "3,2"
      ],
      [
        {
          "y": -0.8499999999999999,
          "x": -2
        },
        "3,5"
      ],
      [
        {
          "y": -0.5,
          "c": "#5dd971"
        },
        "4,3\nAlt"
      ],
      [
        {
          "y": -0.8999999999999997,
          "x": 2,
          "c": "#cccccc"
        },
        "3,1"
      ],
      [
        {
          "y": -0.7500000000000004,
          "x": -1,
          "c": "#5dd971"
        },
        "4,4\nShift",
        {
          "x": 1
        },
        "4,2\nWin"
      ],
      [
        {
          "y": -0.8775,
          "x": 3,
          "c": "#cccccc"
        },
        "3,0"
      ],
      [
        {
          "y": -0.9724999999999997,
          "x": -2
        },
        "4,5"
      ],
      [
        {
          "y": -0.5000000000000004
        },
        "5,3"
      ],
      [
        {
          "y": -0.8999999999999995,
          "x": 2,
          "c": "#5dd971"
        },
        "4,1\nCtrl"
      ],
      [
        {
          "y": -0.7500000000000004,
          "x": -1,
          "c": "#cccccc"
        },
        "5,4",
        {
          "x": 1
        },
        "5,2"
      ],
      [
        {
          "y": -0.8912500000000003,
          "x": 3
        },
        "4,0"
      ],
      [
        {
          "y": -0.9737499999999999,
          "x": -2
        },
        "5,5"
      ],
      [
        {
          "y": -0.3849999999999998,
          "x": 2
        },
        "5,1"
      ],
      [
        {
          "y": -0.6412500000000003,
          "x": 3
        },
        "5,0"
      ]
    ]
  }
}
